Changes made at Sat Aug  9 05:58:18 UTC 2025
Changes made at Thu Nov 20 14:06:30 UTC 2025
Changes made at Thu Nov 20 14:24:26 UTC 2025
Changes made at Thu Nov 20 16:31:14 UTC 2025
Changes made at Fri Nov 21 08:33:20 UTC 2025
Changes made at Fri Nov 21 10:25:00 UTC 2025
Changes made at Fri Nov 21 14:22:42 UTC 2025
Changes made at Fri Nov 21 16:28:58 UTC 2025
Changes made at Sat Nov 22 08:28:33 UTC 2025
Changes made at Sat Nov 22 10:22:23 UTC 2025
Changes made at Sat Nov 22 14:19:17 UTC 2025
Changes made at Sat Nov 22 16:26:56 UTC 2025
